# IGDB platform id	name a collection uses	IGDB game id
# Each line was checked by hand against IGDB's name: a Japanese title against its romaji.
149	DOOM2	312
149	EXCITINGみるく	264788
149	Wizardry7 Crusaders Of Dark Savant	10497
149	アーリーキングダム	363411
149	コマンドHQ	10132
149	サイレントメビウス	64742
149	ストロングホールド	98144
149	スーパー野球道	76993
149	ソードワールドPC	240492
149	デスブリンガー	45869
149	デッドオブザブレイン2	66361
149	トリトーン2	67399
149	ファーサイドムーン 地球防衛軍2	400832
149	ブラックオニキス	6099
149	ブラックレインボウ	370780
149	ブランディッシュ2	42212
149	ベストプレーベースボール	242686
149	ベロンチョ身体検査	264657
149	ミスティブルー	64387
149	ランス4.2 エンジェル組	132639
149	レイガン	64969
149	信長の野望 天翔記 パワーアップキット	307166
149	夏休みがまちどおしい	307833
149	妖撃隊	221766
149	指輪物語 第一章 旅の仲間	338758
149	指輪物語 第二章 二つの塔	338757
149	注射器	321404
149	白夜物語 ウィンチェスター家の末裔	287633
149	秘密諜報部員00ななこちゃん	80246
149	行け行け電大バス	251072
149	転校生	278016
149	銀河	98614
149	魔導物語 道草異聞	146652
