# LaunchBox platform	name a collection uses	LaunchBox game id
# Each line was checked by hand against the catalogue name: a Japanese title against its romaji, or another spelling of the same name.
NEC PC-9801	101回目のアプローチショット	203762
NEC PC-9801	31 いわゆるひとつの超らぶりぃな冒険活劇	187031
NEC PC-9801	38万キロの虚空	185071
NEC PC-9801	3つの願い	189565
NEC PC-9801	AD&D DeathKnight Of Krynn	183276
NEC PC-9801	AD&D Pools Of Darknes	183403
NEC PC-9801	AI将棋	204491
NEC PC-9801	AMBIVALENZ 二律背反	189335
NEC PC-9801	A列車で行こう	187550
NEC PC-9801	A列車で行こう 復刻版	187550
NEC PC-9801	A列車で行こうII	187551
NEC PC-9801	A列車で行こうII 5周年記念特別限定バージョン	187551
NEC PC-9801	A列車で行こうIII	187552
NEC PC-9801	A列車で行こうIV	187553
NEC PC-9801	BLUE RUINS 遥かなるビバノンの秘宝	195534
NEC PC-9801	BURAI 上巻	183265
NEC PC-9801	Be Girll	189787
NEC PC-9801	Beast 淫獣の館	189731
NEC PC-9801	CherryJam 彼女が裸に着替えたら	187096
NEC PC-9801	DOR SpecialEdition 魁	183313
NEC PC-9801	DragonKnight3	156123
NEC PC-9801	Esの方程式	189234
NEC PC-9801	E東京巨乳ストーリー	189571
NEC PC-9801	F-15 StrikeEagle2	182936
NEC PC-9801	G戦略	183061
NEC PC-9801	HEADQUATERS アメリカの悪夢	189328
NEC PC-9801	Intruder 桜屋敷の探索	189395
NEC PC-9801	LEAP 時にさらわれた少女	189556
NEC PC-9801	LOAD OF PANZERS	189463
NEC PC-9801	Life&Death2 The Brain	189652
NEC PC-9801	MarchenVeil2	187452
NEC PC-9801	Memories 白い夜空に舞う天使	187461
NEC PC-9801	Mr.プロ野球 Perfect	204799
NEC PC-9801	Mゥーンライト ちゃんリンしゃん	183392
NEC PC-9801	NOVA 魅入られた肢体	189844
NEC PC-9801	OL操作網	187505
NEC PC-9801	Oh! きつねさま	187501
NEC PC-9801	OnlyYou 世紀末のジュリエットたち	187506
NEC PC-9801	Piaキャロットへようこそ!	187515
NEC PC-9801	Pure2	187534
NEC PC-9801	PureMyDoll	189286
NEC PC-9801	RUNRUN狂走曲	190913
NEC PC-9801	RegionalPower2	186573
NEC PC-9801	RegionalPower3 スペシャル	190336
NEC PC-9801	Ryu 哭きの竜より	204831
NEC PC-9801	SA3	190938
NEC PC-9801	SEEK 地下室の牝奴隷達	197838
NEC PC-9801	SUPER大戦略98	204844
NEC PC-9801	The Tower Of Cabin Panic	189272
NEC PC-9801	Ultima The Savage Empire	143978
NEC PC-9801	Wizardry4 The Returan Of Werdna	186823
NEC PC-9801	Wizardry5 Heart Of The Maelstrom	186824
NEC PC-9801	XANADU シナリオ2	187705
NEC PC-9801	Youthful Eager Stories	196506
NEC PC-9801	the Queen of Duellist外伝α+	156150
NEC PC-9801	あずさ108事務所	189285
NEC PC-9801	あっぱれ伝 伏龍の章	156062
NEC PC-9801	あぶない天狗伝説	189329
NEC PC-9801	あゆみちゃん物語	183254
NEC PC-9801	いけにえ 享楽の神殿	187317
NEC PC-9801	いまどき純情物語	189415
NEC PC-9801	うきうきアイランド	190958
NEC PC-9801	うさぎなパニック	187687
NEC PC-9801	うるま	189786
NEC PC-9801	うろつき童子	187686
NEC PC-9801	えれめんたる王	187138
NEC PC-9801	おさな妻奮戦記 女子高生アイドル	197791
NEC PC-9801	おしおきキライ2	468916
NEC PC-9801	おとめぱーてぃ	192168
NEC PC-9801	かわいそう物語	189260
NEC PC-9801	ぎりぎりパラダイス	197702
NEC PC-9801	くいくいQUIZ	454618
NEC PC-9801	くすり指の教科書	187402
NEC PC-9801	くるみちゃんにんじゃあ	197750
NEC PC-9801	けっこう仮面 おしおきパラダイスの巻	183421
NEC PC-9801	けらけら星	189921
NEC PC-9801	こうかん日記	190952
NEC PC-9801	こうかん日記2	190954
NEC PC-9801	ここは楽園荘	192074
NEC PC-9801	ここは楽園荘2	192076
NEC PC-9801	この世の果てで恋を唄う少女YU-NO	156032
NEC PC-9801	ごくらく天国お目見えの巻	187239
NEC PC-9801	さくらの季節	197833
NEC PC-9801	さよならの向こう側	187599
NEC PC-9801	しぇいくしぇいく	189776
NEC PC-9801	しぇいくしぇいく2	189778
NEC PC-9801	しゃぶり姫 陰の章	197842
NEC PC-9801	すすめ!超常現象研究部	197868
NEC PC-9801	すとりっぷルーレット	197857
NEC PC-9801	すとりっぷルーレット ロリータ編	197859
NEC PC-9801	すとりっぷルーレット 過激編	197858
NEC PC-9801	せまってみたい	195958
NEC PC-9801	それゆけナンパくん	187620
NEC PC-9801	ときめきスポーツギャル3	189284
NEC PC-9801	なる麻雀	197782
NEC PC-9801	ねこまんまEX	192085
NEC PC-9801	ねじ式	189612
NEC PC-9801	のぞき屋稼業	197788
NEC PC-9801	はっちゃけあやよさん	195517
NEC PC-9801	はっちゃけあやよさん2	195518
NEC PC-9801	はっちゃけあやよさん3	195519
NEC PC-9801	はっちゃけあやよさん3おまけ	195519
NEC PC-9801	はっちゃけあやよさん4	195955
NEC PC-9801	はっちゃけあやよさん4おまけ	195955
NEC PC-9801	はっちゃけあやよさん5	195956
NEC PC-9801	ぷよぷよ	182179
NEC PC-9801	ぷろすてゅーでんとG	183409
NEC PC-9801	ぺろぺろCANDY 陽の章	197795
NEC PC-9801	まなみのどこまでイクの2 リターンオブTHE黒パック	204716
NEC PC-9801	まなみのどこまでイクの？	197867
NEC PC-9801	まゆみ	187458
NEC PC-9801	みさとちゃんの夢日記	189273
NEC PC-9801	めぞん一刻 完結編	183606
NEC PC-9801	もっこりまんRPG	187477
NEC PC-9801	ももこちゃん for Me 見習い看護婦編	197779
NEC PC-9801	やりたい放題	197902
NEC PC-9801	やんやんのクイズいっちょまえ	197901
NEC PC-9801	やんやんの激闘同窓会	197818
NEC PC-9801	わくわく麻雀パニック!2 刻視夢想	192110
NEC PC-9801	アイドルプロジェクト2	178597
NEC PC-9801	アソコの幸福	197567
NEC PC-9801	アトランティア	185096
NEC PC-9801	アニヴァーサリー 夏休みの思い出	187039
NEC PC-9801	アマランスKH	173363
NEC PC-9801	アラスカンマミュートGC	187034
NEC PC-9801	アリスたちの午後1	197564
NEC PC-9801	アリスたちの午後2	197565
NEC PC-9801	アリスの館	189332
NEC PC-9801	アルシャーク	182373
NEC PC-9801	アルテミス	187047
NEC PC-9801	アルバイト ~二人の想い~	189555
NEC PC-9801	アルミスト	182408
NEC PC-9801	アンジェラス悪魔の福音	184208
NEC PC-9801	イクイクパッ君	197734
NEC PC-9801	イリウム	187328
NEC PC-9801	イルミナ	189920
NEC PC-9801	イントルーダー 桜屋敷の探索	189395
NEC PC-9801	ウィルの伝言	189945
NEC PC-9801	ウイニングポスト	191011
NEC PC-9801	ウイニングポスト2PLUS	191012
NEC PC-9801	ウェディングエラントリー 逆玉王	192621
NEC PC-9801	ウエディングピーチ	189528
NEC PC-9801	エイミーと呼ばないでっ	190347
NEC PC-9801	エクドラード 鏡の中の王国	189765
NEC PC-9801	エストリア	187170
NEC PC-9801	エテミブル 天壌無窮	186571
NEC PC-9801	エデンの香り	197624
NEC PC-9801	エメラルドドラゴン	183174
NEC PC-9801	エメラルド伝説	187141
NEC PC-9801	エリア88一角獣の軌跡	178430
NEC PC-9801	エリュシオン	189368
NEC PC-9801	エルステディア	187500
NEC PC-9801	エルムナイト	156027
NEC PC-9801	エーゲ海の雫	187676
NEC PC-9801	オメガ	177173
NEC PC-9801	オランダ妻は電気ウナギの夢を見るか	199468
NEC PC-9801	カオスエンジェルズ	187093
NEC PC-9801	カクテルソフト増刊号	189887
NEC PC-9801	カクテルソフト増刊号2	189889
NEC PC-9801	カスタムメイト3	183282
NEC PC-9801	カラテカ	183362
NEC PC-9801	カルメン サンディエゴ イン ジャパン	187081
NEC PC-9801	ガイアスロード	187208
NEC PC-9801	ガンブレイズ	180894
NEC PC-9801	ガールズ・パラダイス~楽園の天使たち~	187229
NEC PC-9801	キゲン 輝きの覇者	184166
NEC PC-9801	キミだけに愛を・・・	187388
NEC PC-9801	キラキラ女神先生	189606
NEC PC-9801	キングスダンジョン	183364
NEC PC-9801	キングブリーダー異獣王	189450
NEC PC-9801	ギガモーション	187228
NEC PC-9801	クイズいかせて	197819
NEC PC-9801	クイズでレッツゴー!!	192594
NEC PC-9801	クイズ殿様の野望 全国版	187561
NEC PC-9801	クイズ知略の覇者 三国志奇譚	187560
NEC PC-9801	クイズ雑念研究所	204853
NEC PC-9801	クイーンオブデュエリスト	156148
NEC PC-9801	クローンドール課外授業	187100
NEC PC-9801	グレイストンサーガ 魔界の泉	183018
NEC PC-9801	ゲンジ	196513
NEC PC-9801	コズミックサイコ	156064
NEC PC-9801	コブラミッション	184289
NEC PC-9801	サッちゃんの大冒険!	189287
NEC PC-9801	シムアント	187612
NEC PC-9801	シャルム	183277
NEC PC-9801	シャルム2 虹色の風	183278
NEC PC-9801	シャングリラ2	183431
NEC PC-9801	ジャック 背徳の女神	187370
NEC PC-9801	ジャパンバッシング	204630
NEC PC-9801	ジョシュア	183677
NEC PC-9801	スザク	187644
NEC PC-9801	スターグライダー2	187630
NEC PC-9801	ストラテゴ	187639
NEC PC-9801	ストラディア	187721
NEC PC-9801	ストリート麻雀2	189769
NEC PC-9801	ストロベリー大戦略II	191557
NEC PC-9801	スノーメモリー	189737
NEC PC-9801	スパンオブドリーム	189248
NEC PC-9801	スリップストリーム’93 Rev LIMIT	184050
NEC PC-9801	セーラームーン DONJYARA	468909
NEC PC-9801	セーラー服戦士フェリス	189942
NEC PC-9801	ゼータ	183476
NEC PC-9801	ソフトでハードな物語	184051
NEC PC-9801	ソフトでハードな物語II	184052
NEC PC-9801	タイムストリッパー真子ちゃん	187650
NEC PC-9801	チックステール	187097
NEC PC-9801	チャクラ	190804
NEC PC-9801	ツモっきー	197889
NEC PC-9801	ツーショットDiary2 Memory 1／4	197911
NEC PC-9801	ツーショットDiary2 Memory 2／4	197912
NEC PC-9801	ツーショットDiary2 Memory 3／4	197913
NEC PC-9801	ツーショットDiary2 Memory 4／4	197914
NEC PC-9801	ティルナノーグ	187651
NEC PC-9801	ティルナノーグ2	187652
NEC PC-9801	ティーン	190364
NEC PC-9801	ディガンの魔石	189589
NEC PC-9801	ディスクバトラー	189231
NEC PC-9801	ディーアーク 外伝	183287
NEC PC-9801	デジャブ	156179
NEC PC-9801	デファーナ	187114
NEC PC-9801	デルフォイの神託	187118
NEC PC-9801	トキオ2	182154
NEC PC-9801	トワイライトゾーン4 特別編	183052
NEC PC-9801	トワイライトホテル	183057
NEC PC-9801	ドキドキシャッターチャンス	190905
NEC PC-9801	ドラグーンアーマー For Adult	187132
NEC PC-9801	ドラゴンシティ X指定	183165
NEC PC-9801	ドラゴンハーフ	156029
NEC PC-9801	ドラゴンバスター	183164
NEC PC-9801	ドラゴン創世記	163703
NEC PC-9801	ドラッケン	180893
NEC PC-9801	ナイトスレイブ	156056
NEC PC-9801	ナースゆうの夢魔戦線	187499
NEC PC-9801	ネクロノミコン	184811
NEC PC-9801	ハスラー2055	189259
NEC PC-9801	ハテナ？の大冒険	189215
NEC PC-9801	ハムレット	187281
NEC PC-9801	ハレンチ学園	190844
NEC PC-9801	ハートでロン!!	190633
NEC PC-9801	ハーフパイプ	187280
NEC PC-9801	ハーフムーンにかわるまで	187279
NEC PC-9801	ハーレムブレイド	183493
NEC PC-9801	バトルスキンパニック 9821	180889
NEC PC-9801	バトルチェス	184829
NEC PC-9801	バルバトゥスの魔女	189529
NEC PC-9801	バンドくん	189575
NEC PC-9801	パノラマクラブ	187508
NEC PC-9801	パラケルススの魔剣	188756
NEC PC-9801	パワースレイブ	156121
NEC PC-9801	パープルCAT Vol1	197814
NEC PC-9801	パープルCAT Vol2	197815
NEC PC-9801	パープルCAT Vol3	197816
NEC PC-9801	ビリヤードキャピキャピルン	192163
NEC PC-9801	ピアス	187516
NEC PC-9801	ピクシーガーデン 妖精伝説	186485
NEC PC-9801	ピンボールピンボール2	187512
NEC PC-9801	ファイナル ブレイカー	183003
NEC PC-9801	ファイナルロリータ	203665
NEC PC-9801	ファルアディア	187172
NEC PC-9801	ファーラの時結界	197632
NEC PC-9801	ファーランドストーリー 獣王の証	179413
NEC PC-9801	ファーランドストーリー 白銀の翼	175463
NEC PC-9801	ファーランドストーリー 神々の遺産	175466
NEC PC-9801	ファーランドストーリー 遠い国の物語	156122
NEC PC-9801	フィフス・エレメント~魂の元素~	188908
NEC PC-9801	フィルスノーン	183337
NEC PC-9801	フェアリーテール海賊版	191187
NEC PC-9801	フラッシュバック	156031
NEC PC-9801	フラッシュポイント2	190836
NEC PC-9801	フラッシュポイント3	190837
NEC PC-9801	フラッシュポイント4	190838
NEC PC-9801	フラッピープラス	189601
NEC PC-9801	ブランディッシュ	177792
NEC PC-9801	ブランディッシュ リニューアル	189255
NEC PC-9801	ブランディッシュVT	183261
NEC PC-9801	プリティー戦隊きゃるる~ん	197811
NEC PC-9801	プリンスオブペルシャ2	156146
NEC PC-9801	プリンス・オブ・ペルシャ	156145
NEC PC-9801	プリンセスメーカー2	163702
NEC PC-9801	ホットプリント パラダイス	197729
NEC PC-9801	ポゼッショナー	156147
NEC PC-9801	ポンカン	197807
NEC PC-9801	マリアに捧げるバラード	187062
NEC PC-9801	マリオネットマインド	187455
NEC PC-9801	マリオブラザーズスペシャル	155898
NEC PC-9801	マリンズ ガイロムの封印	196498
NEC PC-9801	マリンバスター	183378
NEC PC-9801	マンハッタンレクイエム	189467
NEC PC-9801	ミスティーフラッシュ	197776
NEC PC-9801	ミッドガルツ	187470
NEC PC-9801	メタモルミーナ	187469
NEC PC-9801	メタ女 府立メタトポロジー大学付属女子高校SP	187467
NEC PC-9801	メビウスロイド	187474
NEC PC-9801	メルヘンヴェールII	187452
NEC PC-9801	モラトリアム	192355
NEC PC-9801	モンスターメーカー	185445
NEC PC-9801	ヨーロッパ戦線	187683
NEC PC-9801	ラストハルマゲドン	183367
NEC PC-9801	ランス4.1 お薬工場を救え	187543
NEC PC-9801	リガルード	192165
NEC PC-9801	リバーサー 氷結都市TOKYO	187720
NEC PC-9801	リボン	187555
NEC PC-9801	リングマスター	183416
NEC PC-9801	リングマスター2	183415
NEC PC-9801	ルーンワース 黒衣の貴公子	189495
NEC PC-9801	ルーンワース2 時空の神戦	189496
NEC PC-9801	レミングス	184570
NEC PC-9801	ロイヤルブラッド	186892
NEC PC-9801	ロクスアルバ	185646
NEC PC-9801	ロクスアルバ外伝	185647
NEC PC-9801	ロードス島戦記II 五色の魔竜	183771
NEC PC-9801	ロードス島戦記福神漬	183773
NEC PC-9801	ロードス島戦記福神漬2	183774
NEC PC-9801	ロードス島戦記福神漬3	183776
NEC PC-9801	ワールドゴルフ3	189532
NEC PC-9801	ヴァリアブル・ジオ	156033
NEC PC-9801	三国志演義	189559
NEC PC-9801	三国志演義2	189560
NEC PC-9801	三国志英傑伝	191001
NEC PC-9801	三国武将争覇	156074
NEC PC-9801	三國志	187573
NEC PC-9801	三國志2	187574
NEC PC-9801	三國志3	187575
NEC PC-9801	三國志4	187576
NEC PC-9801	三國志5	187577
NEC PC-9801	三姉妹	197834
NEC PC-9801	上九一色村物語	420277
NEC PC-9801	上海	183190
NEC PC-9801	上海II	183191
NEC PC-9801	下級生	187384
NEC PC-9801	世界でいちばん君がすき!	189943
NEC PC-9801	世紀末種蒔伝説 少女遊戯 愛のために死ね!	192595
NEC PC-9801	乱交女体釣り もっこりまんのナニでヌシ釣り	197822
NEC PC-9801	亜紀とつかさの不思議の壁	197562
NEC PC-9801	人形使い	156057
NEC PC-9801	人形使い2	156058
NEC PC-9801	人生クイズゲームだ	197735
NEC PC-9801	人間昆虫 覗き	197786
NEC PC-9801	今夜も朝までパワフルまぁじゃん2	190781
NEC PC-9801	今日もキャンパス花乱満	190329
NEC PC-9801	令嬢物語	187564
NEC PC-9801	伊忍道 打倒信長	187323
NEC PC-9801	保存版ロードランナー	187310
NEC PC-9801	信長の野望	191000
NEC PC-9801	信長の野望 全国版	190999
NEC PC-9801	信長の野望 天翔記	187491
NEC PC-9801	信長の野望 戦国群雄伝	190998
NEC PC-9801	信長の野望 武将風雲録	190996
NEC PC-9801	信長の野望 覇王伝	190997
NEC PC-9801	俺は守護霊様	192620
NEC PC-9801	偽典・女神転生 東京黙示録	180890
NEC PC-9801	億万長者2	190333
NEC PC-9801	優子物語	196122
NEC PC-9801	初恋物語	187286
NEC PC-9801	北斗の拳	183494
NEC PC-9801	北海道連鎖殺人 オホーツクに消ゆ	189669
NEC PC-9801	卍PSY幽記	186483
NEC PC-9801	卒業写真	197853
NEC PC-9801	卒業写真 Episode1 Naked Color	197852
NEC PC-9801	卒業旅行	197848
NEC PC-9801	原宿AfterDark	190722
NEC PC-9801	同級生	187126
NEC PC-9801	同級生2	187127
NEC PC-9801	囚われの天使	197885
NEC PC-9801	四川省	189308
NEC PC-9801	団地妻の誘惑	199466
NEC PC-9801	地球防衛少女イコちゃん UFO大作戦	187681
NEC PC-9801	堕落の国のアンジー 狂界の牝奴隷達	187110
NEC PC-9801	夜の天使たち・私鉄沿線殺人事件	197905
NEC PC-9801	夢の精	189219
NEC PC-9801	夢幻夜想曲	189595
NEC PC-9801	夢幻戦士ヴァリス	185651
NEC PC-9801	夢幻戦士ヴァリス2	185660
NEC PC-9801	夢見坂	197707
NEC PC-9801	大富豪学園	468910
NEC PC-9801	大戦略2	204566
NEC PC-9801	大戦略2SP	204566
NEC PC-9801	大戦略4	187108
NEC PC-9801	大江戸探偵神谷右京2	189421
NEC PC-9801	大海令 南海の死闘	189588
NEC PC-9801	大海令 南海の死闘 フィリピンMap	189588
NEC PC-9801	大航海時代	187489
NEC PC-9801	大航海時代2	187490
NEC PC-9801	天と地と	189520
NEC PC-9801	天下大乱	189643
NEC PC-9801	天下御免	189195
NEC PC-9801	天下統一	189644
NEC PC-9801	天下統一2	189645
NEC PC-9801	天使たちの午後 Collection	199255
NEC PC-9801	天使たちの午後 Collection2	199263
NEC PC-9801	天使たちの午後 スペシャル2	199380
NEC PC-9801	天使たちの午後 転校生	199381
NEC PC-9801	天使たちの午後2 Special	199380
NEC PC-9801	天使たちの午後2 番外編	199378
NEC PC-9801	天使たちの午後2 美奈子	197874
NEC PC-9801	天使たちの午後3 リボン	197875
NEC PC-9801	天使たちの午後3 番外編	199379
NEC PC-9801	天使たちの午後3 番外編・反省版	199379
NEC PC-9801	天使たちの午後4 ゆう子	197876
NEC PC-9801	天使たちの午後5 狙われた天使	197877
NEC PC-9801	天使たちの午後6 My Fair Teacher	197878
NEC PC-9801	天使たちの微笑み	197879
NEC PC-9801	天舞 三國志正史	189642
NEC PC-9801	天舞 満漢全席	189641
NEC PC-9801	太平洋の嵐	189193
NEC PC-9801	太平洋の嵐2	189194
NEC PC-9801	太平洋の嵐DX	189193
NEC PC-9801	太平洋戦記	192224
NEC PC-9801	太閤立志伝	191002
NEC PC-9801	太閤立志伝2	191003
NEC PC-9801	失われた楽園	197892
NEC PC-9801	女の子の仕組み	197790
NEC PC-9801	女子社員を生かす法	189865
NEC PC-9801	女子高制服物語	197738
NEC PC-9801	好き!	187155
NEC PC-9801	妖刀伝説	189431
NEC PC-9801	妖獣戦記AD2048	187694
NEC PC-9801	姑娘の涙	192203
NEC PC-9801	学園KING 日出彦学校をつくる	183676
NEC PC-9801	学園ソドム 教室の牝奴隷達	197695
NEC PC-9801	学園トライアングル	197697
NEC PC-9801	学園爆裂転校生	197694
NEC PC-9801	学園物語 いけない放課後	187211
NEC PC-9801	学園都市Z	187216
NEC PC-9801	宇宙怪盗ファニーBee	183451
NEC PC-9801	官能教習	197741
NEC PC-9801	尋問遊戯	187377
NEC PC-9801	小鉄の大冒険	179046
NEC PC-9801	少女探偵 RINNちゃんの事件簿 電脳少女伝説	189289
NEC PC-9801	川中島異聞録	189447
NEC PC-9801	巫女さんふぁいと	468921
NEC PC-9801	巫女さんファイト	468921
NEC PC-9801	帝都滅賊師団	189429
NEC PC-9801	帰り道は危険がいっぱい	190634
NEC PC-9801	怨霊戦記	187507
NEC PC-9801	怪傑NIKKI	187382
NEC PC-9801	恭子のいぢわる!! ハチャメチャ大進撃	197751
NEC PC-9801	悦楽の学園	190357
NEC PC-9801	悪夢 青い果実の散華	197563
NEC PC-9801	惑星ΩのQ王子	187692
NEC PC-9801	戦乱	189617
NEC PC-9801	戦国合戦絵巻 関ヶ原	189698
NEC PC-9801	戦国秋葉原信長伝	189515
NEC PC-9801	戦手必勝	203930
NEC PC-9801	手天童子	183435
NEC PC-9801	拘束超人	192078
NEC PC-9801	探偵団X	196107
NEC PC-9801	提督の決断	191005
NEC PC-9801	提督の決断2	191006
NEC PC-9801	提督の決断3	191007
NEC PC-9801	放課後は別の顔	197730
NEC PC-9801	教育実習 女子高生マニアックス	187404
NEC PC-9801	斬 夜叉円舞曲	187728
NEC PC-9801	斬III 天運我にあり	187730
NEC PC-9801	新宿物語	191519
NEC PC-9801	新撰組 幕末幻視行	189750
NEC PC-9801	星の砂物語	187304
NEC PC-9801	星の砂物語2	187305
NEC PC-9801	星の砂物語3	187307
NEC PC-9801	時空捜査官プリティーエンジェル ミスティフラッシュ	197776
NEC PC-9801	晴れのちおおさわぎ!	187284
NEC PC-9801	暁のビザンティラ	187033
NEC PC-9801	暗闇	197749
NEC PC-9801	最速伝説レーサーX	189510
NEC PC-9801	東京 Twilight Busters	186554
NEC PC-9801	東京ナンパストリート]	190729
NEC PC-9801	林間学校	187566
NEC PC-9801	柿木将棋	189444
NEC PC-9801	校内写生2	191584
NEC PC-9801	校内写生3	191585
NEC PC-9801	森田和郎の将棋	189609
NEC PC-9801	森田将棋2	189610
NEC PC-9801	森田将棋4	189611
NEC PC-9801	森田将棋5	203697
NEC PC-9801	極楽アリーナ	187510
NEC PC-9801	楽園の招待状	190343
NEC PC-9801	機動戦士ガンダム AdvancedOperation	186737
NEC PC-9801	機械じかけのマリアン	187137
NEC PC-9801	櫻の杜	189279
NEC PC-9801	歪み	197728
NEC PC-9801	殺しのドレス	191249
NEC PC-9801	殺しのドレス2	191250
NEC PC-9801	殺人は手紙にのって	189511
NEC PC-9801	殺人ロマン紀行 恋の長野慕情	196100
NEC PC-9801	殻の中の小鳥	189766
NEC PC-9801	毎日がえっち	196098
NEC PC-9801	気分はぱすてるたっち	192442
NEC PC-9801	水龍士	197861
NEC PC-9801	永世名人	189598
NEC PC-9801	沈黙の艦隊	183436
NEC PC-9801	沙也香 義母	191570
NEC PC-9801	河原崎家の一族	187387
NEC PC-9801	河底撈魚II	203666
NEC PC-9801	淫獣学園 LaBlueGirl	187405
NEC PC-9801	淫獣幻夢2 BrainBurst!!	187325
NEC PC-9801	淫魔制服狩り	189321
NEC PC-9801	満開電飾	197762
NEC PC-9801	満開電飾2	197763
NEC PC-9801	源平合戦	189380
NEC PC-9801	漂流	187311
NEC PC-9801	激闘!ソロモン海戦史	192209
NEC PC-9801	激闘の地	183014
NEC PC-9801	無人島物語	187482
NEC PC-9801	無人島物語2	187483
NEC PC-9801	煩悩予備校	183258
NEC PC-9801	煩悩予備校3	183260
NEC PC-9801	爆裂少女隊Tバックス	200592
NEC PC-9801	狂った果実	187401
NEC PC-9801	猟奇の檻	187570
NEC PC-9801	現代大戦略EX	187225
NEC PC-9801	琉球	189614
NEC PC-9801	琥珀色の遺言	189453
NEC PC-9801	琴緋が丘物語	197746
NEC PC-9801	瑠璃色の雪	183419
NEC PC-9801	監禁	197740
NEC PC-9801	真説 大江戸探偵 神谷右京	189428
NEC PC-9801	神々の大地 古事記外伝	181672
NEC PC-9801	神王伝説クリスタニア	187608
NEC PC-9801	神王伝説クリスタニアDX	187609
NEC PC-9801	禁断のパラダイス	197743
NEC PC-9801	禁断の血族	442277
NEC PC-9801	私をゴルフに連れてって	191564
NEC PC-9801	私立探偵マックス 潜入!!謎の女子高	183432
NEC PC-9801	私立探偵マックス2 マスターオブエレメンタル	183433
NEC PC-9801	私説戦国時代	204856
NEC PC-9801	科学忍者隊ガッチャマン	181667
NEC PC-9801	秘密の花園	183355
NEC PC-9801	究極 格闘指南	189456
NEC PC-9801	空軍大戦略	189455
NEC PC-9801	突撃!!ばっこんストリート	197768
NEC PC-9801	笑ゥせぇるすまん2	190327
NEC PC-9801	笑ゥせぇるすまん3	190328
NEC PC-9801	紺碧の艦隊	189144
NEC PC-9801	続ウェディングベルは高らかに	196832
NEC PC-9801	維新の嵐	187331
NEC PC-9801	維新開国	189438
NEC PC-9801	緊縛の館	197742
NEC PC-9801	緋王伝	187288
NEC PC-9801	緋色の姉妹	197726
NEC PC-9801	美少女オーディション アイドルを探せ!	203763
NEC PC-9801	美少女写真館番外編OUTSIDE STORY	197575
NEC PC-9801	美少女天国	197576
NEC PC-9801	美穂	191568
NEC PC-9801	群雄三国志	184210
NEC PC-9801	義経	189649
NEC PC-9801	脅迫	187403
NEC PC-9801	臥竜伝 三国制覇の計	189216
NEC PC-9801	自己中心派2	189378
NEC PC-9801	花の記憶	187282
NEC PC-9801	花の記憶2	192054
NEC PC-9801	花よりダンゴ	189240
NEC PC-9801	蒼き狼と白き牝鹿 ジンギスカン	187041
NEC PC-9801	蒼き狼と白き牝鹿 元朝秘史	187040
NEC PC-9801	虹色電飾娘	197785
NEC PC-9801	裏マンション発禁	197891
NEC PC-9801	誕生Debut	187645
NEC PC-9801	誘惑の吐息	199882
NEC PC-9801	財閥銀行 帝都野望篇	189008
NEC PC-9801	赤い水晶の瞳	190943
NEC PC-9801	超心理サマーディ	199668
NEC PC-9801	超時空要塞マクロス Remember me	182171
NEC PC-9801	超爆	189568
NEC PC-9801	超高層クライシス	187098
NEC PC-9801	轢愛	189768
NEC PC-9801	迷宮学園祭 旧校舎の謎	187460
NEC PC-9801	迷走都市	197770
NEC PC-9801	逐電屋藤兵衛 秘録恥虐乃館	197607
NEC PC-9801	週間 From H	197844
NEC PC-9801	遊ディスク4 クリスタルリナールお楽しみディスク	190759
NEC PC-9801	遊ディスク6 ハートでロン!MIDNIGHT編	190761
NEC PC-9801	野々村病院の人々	203928
NEC PC-9801	銀河英雄伝説	183346
NEC PC-9801	銀河英雄伝説2	183347
NEC PC-9801	銀河英雄伝説2DX+KIT	189791
NEC PC-9801	銀河英雄伝説3	183348
NEC PC-9801	銀河英雄伝説3 オリジナルシナリオ	189790
NEC PC-9801	銀河英雄伝説4	183349
NEC PC-9801	銀河英雄伝説4 EX	183349
NEC PC-9801	銀河鉄道の旅	190721
NEC PC-9801	闇の綾線	197900
NEC PC-9801	闘神都市	183448
NEC PC-9801	闘神都市2	183449
NEC PC-9801	闘神都市2 そしてそれから	189271
NEC PC-9801	陽炎迷宮	190723
NEC PC-9801	雀豪2 強知能版	189602
NEC PC-9801	雀豪3	189604
NEC PC-9801	雑学オリンピックわたなべわたる編	195978
NEC PC-9801	難波康介 イカせてなんぼ!	189418
NEC PC-9801	雨月奇譚	189525
NEC PC-9801	雫	183567
NEC PC-9801	霧島診療室の午後	187389
NEC PC-9801	韋駄天いかせ男2 人生の意味	192045
NEC PC-9801	項劉記	187567
NEC PC-9801	香奈子	190803
NEC PC-9801	高校教師 聖エリカ女学園編	197747
NEC PC-9801	高見沢恭介 熱血!!教育研修	183446
NEC PC-9801	鬼頭島女子刑務所	197745
NEC PC-9801	魅惑の調書	189767
NEC PC-9801	魔女っ子クミ	190890
NEC PC-9801	魔女狩りの夜に	189326
NEC PC-9801	魔導物語1-2-3	187422
NEC PC-9801	魔導物語ARS	187433
NEC PC-9801	魔性の貌	197769
NEC PC-9801	魔法少女B子	187446
NEC PC-9801	魔法少女りな	190889
NEC PC-9801	魔浄理子淫靡界	187448
NEC PC-9801	魔竜学園 ~狙われた肢体~	183383
NEC PC-9801	魔竜学園 汚された肉体	183382
NEC PC-9801	麻雀でPON	187438
NEC PC-9801	麻雀プリンセスGO!GO!	197758
NEC PC-9801	麻雀三国志演義	189465
NEC PC-9801	麻雀大会	187440
NEC PC-9801	麻雀幻想曲2	183472
NEC PC-9801	麻雀幻想曲3	183375
NEC PC-9801	麻雀王伝説	190726
NEC PC-9801	麻雀美少女伝リップル	192060
NEC PC-9801	麻雀遊園地	187442
NEC PC-9801	黄昏の境界	197870
NEC PC-9801	龍王三国志	189500
NEC PC-8801	Majaventure II - Zenkoku Onsen Mahjong	197006
NEC PC-8801	Saotome Military Academy of U.N. Space Force Nyuugaku Annai	462447
NEC PC-8801	Shougi Taishou 88	465941
NEC PC-8801	The Dragon Princess	207925
NEC PC-8801	Tunnels & Trolls	188701
NEC PC-8801	Universal Adventurer	207613
Sharp X68000	Alianshuu	184354
Sharp X68000	Asteroid	184369
Sharp X68000	Forty One Game	190192
Sharp X68000	Iguchi Yumi no St. Luna Gakuen - Chikoku Daisensou no Maki	191720
Sharp X68000	Pachislo Divels XX	190581
Sharp X68000	Pnincess Maker	157666
Sharp X68000	The Sarumane of Tetris	190600
Sharp X68000	Vulqar	192364
Sharp X68000	Youjuu Senki - A.D. 2048	157750
